"en","zh","g","resource_kind","source_url","source_text","source_version","verified_at","review_status","reviewer"
"creative-maestro","創意總指揮","🌳 AI 創意合夥人團隊（自訂技能）","技能","","","","","待逐筆查證",""
"content-engine","內容引擎","🌳 AI 創意合夥人團隊（自訂技能）","技能","","","","","待逐筆查證",""
"copy-magician","文案魔法師","🌳 AI 創意合夥人團隊（自訂技能）","技能","","","","","待逐筆查證",""
"visual-director","視覺導演","🌳 AI 創意合夥人團隊（自訂技能）","技能","","","","","待逐筆查證",""
"trend-radar","趨勢雷達","🌳 AI 創意合夥人團隊（自訂技能）","技能","","","","","待逐筆查證",""
"strategy-compass","策略羅盤","🌳 AI 創意合夥人團隊（自訂技能）","技能","","","","","待逐筆查證",""
"insight-analyst","數據洞察者","🌳 AI 創意合夥人團隊（自訂技能）","技能","","","","","待逐筆查證",""
"experiment-architect","實驗建築師","🌳 AI 創意合夥人團隊（自訂技能）","技能","","","","","待逐筆查證",""
"community-catalyst","社群推手","🌳 AI 創意合夥人團隊（自訂技能）","技能","","","","","待逐筆查證",""
"marketing-artist","行銷畫師","🌳 AI 創意合夥人團隊（自訂技能）","技能","","","","","待逐筆查證",""
"brand-architect","品牌建築師","🌳 AI 創意合夥人團隊（自訂技能）","技能","","","","","待逐筆查證",""
"project-orchestrator","專案總監","🌳 AI 創意合夥人團隊（自訂技能）","技能","","","","","待逐筆查證",""
"safety-guard","安全守衛","🌳 AI 創意合夥人團隊（自訂技能）","技能","","","","","待逐筆查證",""
"docx","Word 文件","Anthropic 內建 · 文件與簡報","技能","","","","","待逐筆查證",""
"pptx","PowerPoint 簡報","Anthropic 內建 · 文件與簡報","技能","","","","","待逐筆查證",""
"xlsx","Excel 試算表","Anthropic 內建 · 文件與簡報","技能","","","","","待逐筆查證",""
"pdf","PDF 處理","Anthropic 內建 · 文件與簡報","技能","","","","","待逐筆查證",""
"doc-coauthoring","文件共筆","Anthropic 內建 · 文件與簡報","技能","","","","","待逐筆查證",""
"internal-comms","內部溝通","Anthropic 內建 · 文件與簡報","技能","","","","","待逐筆查證",""
"canvas-design","視覺設計","Anthropic 內建 · 設計與視覺","技能","","","","","待逐筆查證",""
"algorithmic-art","演算法藝術","Anthropic 內建 · 設計與視覺","技能","","","","","待逐筆查證",""
"theme-factory","主題工廠","Anthropic 內建 · 設計與視覺","技能","","","","","待逐筆查證",""
"brand-guidelines","Anthropic 品牌規範","Anthropic 內建 · 設計與視覺","技能","","","","","待逐筆查證",""
"slack-gif-creator","Slack 動圖製作","Anthropic 內建 · 設計與視覺","技能","","","","","待逐筆查證",""
"web-artifacts-builder","網頁 Artifact 建置","Anthropic 內建 · 設計與視覺","技能","","","","","待逐筆查證",""
"skill-creator","技能建立器","Anthropic 內建 · 工具與自動化","技能","","","","","待逐筆查證",""
"mcp-builder","MCP 伺服器建置","Anthropic 內建 · 工具與自動化","技能","","","","","待逐筆查證",""
"schedule","排程任務","Anthropic 內建 · 工具與自動化","技能","","","","","待逐筆查證",""
"consolidate-memory","記憶整合","Anthropic 內建 · 工具與自動化","技能","","","","","待逐筆查證",""
"setup-cowork","Cowork 引導設定","Anthropic 內建 · 工具與自動化","技能","","","","","待逐筆查證",""
"deep-research","深度研究","Anthropic 內建 · 工具與自動化","技能","","","","","待逐筆查證",""
"brand-review","品牌審查","Marketing 行銷 (marketing)","外掛型技能","","","","","待逐筆查證",""
"campaign-plan","活動企劃","Marketing 行銷 (marketing)","外掛型技能","","","","","待逐筆查證",""
"competitive-brief","競品簡報","Marketing 行銷 (marketing)","外掛型技能","","","","","待逐筆查證",""
"content-creation","內容創作","Marketing 行銷 (marketing)","外掛型技能","","","","","待逐筆查證",""
"draft-content","撰寫內容","Marketing 行銷 (marketing)","外掛型技能","","","","","待逐筆查證",""
"email-sequence","郵件序列","Marketing 行銷 (marketing)","外掛型技能","","","","","待逐筆查證",""
"performance-report","成效報告","Marketing 行銷 (marketing)","外掛型技能","","","","","待逐筆查證",""
"seo-audit","SEO 稽核","Marketing 行銷 (marketing)","外掛型技能","","","","","待逐筆查證",""
"account-research","客戶研究","Sales 銷售 (sales)","外掛型技能","","","","","待逐筆查證",""
"call-prep","通話準備","Sales 銷售 (sales)","外掛型技能","","","","","待逐筆查證",""
"call-summary","通話摘要","Sales 銷售 (sales)","外掛型技能","","","","","待逐筆查證",""
"competitive-intelligence","競爭情報","Sales 銷售 (sales)","外掛型技能","","","","","待逐筆查證",""
"create-an-asset","銷售素材","Sales 銷售 (sales)","外掛型技能","","","","","待逐筆查證",""
"daily-briefing","每日簡報","Sales 銷售 (sales)","外掛型技能","","","","","待逐筆查證",""
"draft-outreach","開發信草擬","Sales 銷售 (sales)","外掛型技能","","","","","待逐筆查證",""
"forecast","銷售預測","Sales 銷售 (sales)","外掛型技能","","","","","待逐筆查證",""
"pipeline-review","管線檢視","Sales 銷售 (sales)","外掛型技能","","","","","待逐筆查證",""
"account-research","帳戶研究","Common Room 社群情報 (common-room)","外掛型技能","","","","","待逐筆查證",""
"call-prep","通話準備","Common Room 社群情報 (common-room)","外掛型技能","","","","","待逐筆查證",""
"compose-outreach","個人化開發","Common Room 社群情報 (common-room)","外掛型技能","","","","","待逐筆查證",""
"contact-research","聯絡人研究","Common Room 社群情報 (common-room)","外掛型技能","","","","","待逐筆查證",""
"generate-account-plan","策略帳戶計畫","Common Room 社群情報 (common-room)","外掛型技能","","","","","待逐筆查證",""
"prospect","名單建立","Common Room 社群情報 (common-room)","外掛型技能","","","","","待逐筆查證",""
"weekly-brief","每週簡報（指令）","Common Room 社群情報 (common-room)","外掛型技能","","","","","待逐筆查證",""
"weekly-prep-brief","每週外部會議簡報","Common Room 社群情報 (common-room)","外掛型技能","","","","","待逐筆查證",""
"account-research","帳戶研究簡報","ZoomInfo 銷售情報 (zoominfo)","外掛型技能","","","","","待逐筆查證",""
"build-list","建名單","ZoomInfo 銷售情報 (zoominfo)","外掛型技能","","","","","待逐筆查證",""
"buying-committee","採購決策圈","ZoomInfo 銷售情報 (zoominfo)","外掛型技能","","","","","待逐筆查證",""
"competitor-analysis","競品分析","ZoomInfo 銷售情報 (zoominfo)","外掛型技能","","","","","待逐筆查證",""
"enrich-company","公司補全","ZoomInfo 銷售情報 (zoominfo)","外掛型技能","","","","","待逐筆查證",""
"enrich-contact","聯絡人補全","ZoomInfo 銷售情報 (zoominfo)","外掛型技能","","","","","待逐筆查證",""
"find-similar","找相似","ZoomInfo 銷售情報 (zoominfo)","外掛型技能","","","","","待逐筆查證",""
"meeting-prep","會議準備","ZoomInfo 銷售情報 (zoominfo)","外掛型技能","","","","","待逐筆查證",""
"personalize-email","個人化郵件","ZoomInfo 銷售情報 (zoominfo)","外掛型技能","","","","","待逐筆查證",""
"recommend-contacts","推薦聯絡人","ZoomInfo 銷售情報 (zoominfo)","外掛型技能","","","","","待逐筆查證",""
"score-accounts","帳戶評分","ZoomInfo 銷售情報 (zoominfo)","外掛型技能","","","","","待逐筆查證",""
"score-leads","名單評分","ZoomInfo 銷售情報 (zoominfo)","外掛型技能","","","","","待逐筆查證",""
"tam-sizer","TAM 估算","ZoomInfo 銷售情報 (zoominfo)","外掛型技能","","","","","待逐筆查證",""
"tech-stack-snapshot","技術棧盤點","ZoomInfo 銷售情報 (zoominfo)","外掛型技能","","","","","待逐筆查證",""
"enrich-lead","名單補全","Apollo 開發與名單 (apollo)","外掛型技能","","","","","待逐筆查證",""
"prospect","ICP 開發","Apollo 開發與名單 (apollo)","外掛型技能","","","","","待逐筆查證",""
"sequence-load","序列載入","Apollo 開發與名單 (apollo)","外掛型技能","","","","","待逐筆查證",""
"vibe-prospecting","資料探勘","VPAI 探勘 (vpai)","外掛型技能","","","","","待逐筆查證",""
"add-company","新增公司","Carta CRM 創投 CRM (carta-crm)","外掛型技能","","","","","待逐筆查證",""
"add-contact","新增聯絡人","Carta CRM 創投 CRM (carta-crm)","外掛型技能","","","","","待逐筆查證",""
"add-deal","新增案子","Carta CRM 創投 CRM (carta-crm)","外掛型技能","","","","","待逐筆查證",""
"add-fundraising","新增募資","Carta CRM 創投 CRM (carta-crm)","外掛型技能","","","","","待逐筆查證",""
"add-investor","新增投資人","Carta CRM 創投 CRM (carta-crm)","外掛型技能","","","","","待逐筆查證",""
"add-note","新增備註","Carta CRM 創投 CRM (carta-crm)","外掛型技能","","","","","待逐筆查證",""
"enrich-company","公司補全","Carta CRM 創投 CRM (carta-crm)","外掛型技能","","","","","待逐筆查證",""
"lookup-fund-portfolio","基金投組查找","Carta CRM 創投 CRM (carta-crm)","外掛型技能","","","","","待逐筆查證",""
"search-companies","搜尋公司","Carta CRM 創投 CRM (carta-crm)","外掛型技能","","","","","待逐筆查證",""
"search-contacts","搜尋聯絡人","Carta CRM 創投 CRM (carta-crm)","外掛型技能","","","","","待逐筆查證",""
"search-deals","搜尋案子","Carta CRM 創投 CRM (carta-crm)","外掛型技能","","","","","待逐筆查證",""
"search-fundraisings","搜尋募資","Carta CRM 創投 CRM (carta-crm)","外掛型技能","","","","","待逐筆查證",""
"search-investors","搜尋投資人","Carta CRM 創投 CRM (carta-crm)","外掛型技能","","","","","待逐筆查證",""
"search-notes","搜尋備註","Carta CRM 創投 CRM (carta-crm)","外掛型技能","","","","","待逐筆查證",""
"tutorial","教學導覽","Carta CRM 創投 CRM (carta-crm)","外掛型技能","","","","","待逐筆查證",""
"update-company","更新公司","Carta CRM 創投 CRM (carta-crm)","外掛型技能","","","","","待逐筆查證",""
"update-contact","更新聯絡人","Carta CRM 創投 CRM (carta-crm)","外掛型技能","","","","","待逐筆查證",""
"update-deal","更新案子","Carta CRM 創投 CRM (carta-crm)","外掛型技能","","","","","待逐筆查證",""
"update-fundraising","更新募資","Carta CRM 創投 CRM (carta-crm)","外掛型技能","","","","","待逐筆查證",""
"update-investor","更新投資人","Carta CRM 創投 CRM (carta-crm)","外掛型技能","","","","","待逐筆查證",""
"update-note","更新備註","Carta CRM 創投 CRM (carta-crm)","外掛型技能","","","","","待逐筆查證",""
"channel-digest","多頻道摘要","Slack 團隊協作（Salesforce）(slack-by-salesforce)","外掛型技能","","","","","待逐筆查證",""
"draft-announcement","公告草擬","Slack 團隊協作（Salesforce）(slack-by-salesforce)","外掛型技能","","","","","待逐筆查證",""
"find-discussions","找討論","Slack 團隊協作（Salesforce）(slack-by-salesforce)","外掛型技能","","","","","待逐筆查證",""
"standup","站會更新","Slack 團隊協作（Salesforce）(slack-by-salesforce)","外掛型技能","","","","","待逐筆查證",""
"summarize-channel","頻道摘要","Slack 團隊協作（Salesforce）(slack-by-salesforce)","外掛型技能","","","","","待逐筆查證",""
"slack-messaging","訊息撰寫指南","Slack 團隊協作（Salesforce）(slack-by-salesforce)","外掛型技能","","","","","待逐筆查證",""
"slack-search","Slack 搜尋指南","Slack 團隊協作（Salesforce）(slack-by-salesforce)","外掛型技能","","","","","待逐筆查證",""
"ad-campaign-best-practices","投放最佳實務","Adspirer 廣告投放 (adspirer-ads-agent)","外掛型技能","","","","","待逐筆查證",""
"campaign-performance","廣告成效分析","Adspirer 廣告投放 (adspirer-ads-agent)","外掛型技能","","","","","待逐筆查證",""
"keyword-research","關鍵字研究","Adspirer 廣告投放 (adspirer-ads-agent)","外掛型技能","","","","","待逐筆查證",""
"postiz","社群排程發布","Postiz 社群排程 (postiz)","外掛型技能","","","","","待逐筆查證",""
"business-pulse","營運脈動","Small Business 小型企業營運 (small-business)","外掛型技能","","","","","待逐筆查證",""
"call-list","致電名單","Small Business 小型企業營運 (small-business)","外掛型技能","","","","","待逐筆查證",""
"canva-creator","內容素材製作","Small Business 小型企業營運 (small-business)","外掛型技能","","","","","待逐筆查證",""
"cash-flow-snapshot","現金流快照","Small Business 小型企業營運 (small-business)","外掛型技能","","","","","待逐筆查證",""
"close-month","月結","Small Business 小型企業營運 (small-business)","外掛型技能","","","","","待逐筆查證",""
"content-strategy","內容策略","Small Business 小型企業營運 (small-business)","外掛型技能","","","","","待逐筆查證",""
"contract-review","合約審查","Small Business 小型企業營運 (small-business)","外掛型技能","","","","","待逐筆查證",""
"crm-cleanup","CRM 清理","Small Business 小型企業營運 (small-business)","外掛型技能","","","","","待逐筆查證",""
"crm-maintenance","CRM 維護","Small Business 小型企業營運 (small-business)","外掛型技能","","","","","待逐筆查證",""
"customer-pulse","客戶脈動","Small Business 小型企業營運 (small-business)","外掛型技能","","","","","待逐筆查證",""
"customer-pulse-check","客戶脈動檢查","Small Business 小型企業營運 (small-business)","外掛型技能","","","","","待逐筆查證",""
"friday-brief","週五簡報","Small Business 小型企業營運 (small-business)","外掛型技能","","","","","待逐筆查證",""
"handle-complaint","處理客訴","Small Business 小型企業營運 (small-business)","外掛型技能","","","","","待逐筆查證",""
"invoice-chase","發票催收","Small Business 小型企業營運 (small-business)","外掛型技能","","","","","待逐筆查證",""
"job-post-builder","徵才包","Small Business 小型企業營運 (small-business)","外掛型技能","","","","","待逐筆查證",""
"lead-triage","名單分流","Small Business 小型企業營運 (small-business)","外掛型技能","","","","","待逐筆查證",""
"margin-analyzer","毛利分析","Small Business 小型企業營運 (small-business)","外掛型技能","","","","","待逐筆查證",""
"monday-brief","週一簡報","Small Business 小型企業營運 (small-business)","外掛型技能","","","","","待逐筆查證",""
"month-end-prep","月結準備","Small Business 小型企業營運 (small-business)","外掛型技能","","","","","待逐筆查證",""
"month-heads-up","月底預警","Small Business 小型企業營運 (small-business)","外掛型技能","","","","","待逐筆查證",""
"plan-payroll","薪資規劃","Small Business 小型企業營運 (small-business)","外掛型技能","","","","","待逐筆查證",""
"price-check","價格檢查","Small Business 小型企業營運 (small-business)","外掛型技能","","","","","待逐筆查證",""
"quarterly-review","季度檢視","Small Business 小型企業營運 (small-business)","外掛型技能","","","","","待逐筆查證",""
"review-contract","合約審查（深入）","Small Business 小型企業營運 (small-business)","外掛型技能","","","","","待逐筆查證",""
"run-campaign","跑活動","Small Business 小型企業營運 (small-business)","外掛型技能","","","","","待逐筆查證",""
"sales-brief","銷售簡報","Small Business 小型企業營運 (small-business)","外掛型技能","","","","","待逐筆查證",""
"smb-onboard","新手引導","Small Business 小型企業營運 (small-business)","外掛型技能","","","","","待逐筆查證",""
"smb-router","入口路由","Small Business 小型企業營運 (small-business)","外掛型技能","","","","","待逐筆查證",""
"tax-prep","報稅準備","Small Business 小型企業營運 (small-business)","外掛型技能","","","","","待逐筆查證",""
"tax-season-organizer","報稅整理","Small Business 小型企業營運 (small-business)","外掛型技能","","","","","待逐筆查證",""
"ticket-deflector","客服轉接","Small Business 小型企業營運 (small-business)","外掛型技能","","","","","待逐筆查證",""
"ai-visibility","AI 能見度","SearchFit 搜尋引擎優化 (searchfit-seo)","外掛型技能","","","","","待逐筆查證",""
"broken-links","失連檢查","SearchFit 搜尋引擎優化 (searchfit-seo)","外掛型技能","","","","","待逐筆查證",""
"content-brief","內容 Brief","SearchFit 搜尋引擎優化 (searchfit-seo)","外掛型技能","","","","","待逐筆查證",""
"content-strategy","內容策略","SearchFit 搜尋引擎優化 (searchfit-seo)","外掛型技能","","","","","待逐筆查證",""
"content-translation","內容翻譯在地化","SearchFit 搜尋引擎優化 (searchfit-seo)","外掛型技能","","","","","待逐筆查證",""
"internal-linking","內部連結","SearchFit 搜尋引擎優化 (searchfit-seo)","外掛型技能","","","","","待逐筆查證",""
"keyword-clustering","關鍵字分群","SearchFit 搜尋引擎優化 (searchfit-seo)","外掛型技能","","","","","待逐筆查證",""
"on-page-seo","頁面 SEO","SearchFit 搜尋引擎優化 (searchfit-seo)","外掛型技能","","","","","待逐筆查證",""
"schema-markup","Schema 標記","SearchFit 搜尋引擎優化 (searchfit-seo)","外掛型技能","","","","","待逐筆查證",""
"seo-audit","SEO 稽核","SearchFit 搜尋引擎優化 (searchfit-seo)","外掛型技能","","","","","待逐筆查證",""
"technical-seo","技術 SEO","SearchFit 搜尋引擎優化 (searchfit-seo)","外掛型技能","","","","","待逐筆查證",""
"create-content","產內容（指令）","SearchFit 搜尋引擎優化 (searchfit-seo)","外掛型技能","","","","","待逐筆查證",""
"create-topic","產主題（指令）","SearchFit 搜尋引擎優化 (searchfit-seo)","外掛型技能","","","","","待逐筆查證",""
"generate-schema","產 Schema（指令）","SearchFit 搜尋引擎優化 (searchfit-seo)","外掛型技能","","","","","待逐筆查證",""
"keyword-cluster","關鍵字分群（指令）","SearchFit 搜尋引擎優化 (searchfit-seo)","外掛型技能","","","","","待逐筆查證",""
"seo-check","SEO 快檢（指令）","SearchFit 搜尋引擎優化 (searchfit-seo)","外掛型技能","","","","","待逐筆查證",""
"translate-content","翻譯內容（指令）","SearchFit 搜尋引擎優化 (searchfit-seo)","外掛型技能","","","","","待逐筆查證",""
"accessibility-review","可及性稽核","Design 設計 UX (design)","外掛型技能","","","","","待逐筆查證",""
"design-critique","設計批評","Design 設計 UX (design)","外掛型技能","","","","","待逐筆查證",""
"design-handoff","開發交付規格","Design 設計 UX (design)","外掛型技能","","","","","待逐筆查證",""
"design-system","設計系統","Design 設計 UX (design)","外掛型技能","","","","","待逐筆查證",""
"research-synthesis","研究綜整","Design 設計 UX (design)","外掛型技能","","","","","待逐筆查證",""
"user-research","使用者研究","Design 設計 UX (design)","外掛型技能","","","","","待逐筆查證",""
"ux-copy","UX 文案","Design 設計 UX (design)","外掛型技能","","","","","待逐筆查證",""
"brand-voice-enforcement","品牌語氣套用","Brand Voice 品牌語氣 (brand-voice)","外掛型技能","","","","","待逐筆查證",""
"discover-brand","品牌素材探索","Brand Voice 品牌語氣 (brand-voice)","外掛型技能","","","","","待逐筆查證",""
"enforce-voice","套用語氣（指令）","Brand Voice 品牌語氣 (brand-voice)","外掛型技能","","","","","待逐筆查證",""
"generate-guidelines","產指南（指令）","Brand Voice 品牌語氣 (brand-voice)","外掛型技能","","","","","待逐筆查證",""
"guideline-generation","品牌指南生成","Brand Voice 品牌語氣 (brand-voice)","外掛型技能","","","","","待逐筆查證",""
"figma-code-connect","Code Connect 對映","Figma 設計協作 (figma)","外掛型技能","","","","","待逐筆查證",""
"figma-create-new-file","建新檔","Figma 設計協作 (figma)","外掛型技能","","","","","待逐筆查證",""
"figma-generate-design","從程式產設計","Figma 設計協作 (figma)","外掛型技能","","","","","待逐筆查證",""
"figma-generate-diagram","產圖表","Figma 設計協作 (figma)","外掛型技能","","","","","待逐筆查證",""
"figma-generate-library","產元件庫","Figma 設計協作 (figma)","外掛型技能","","","","","待逐筆查證",""
"figma-swiftui","SwiftUI 互轉","Figma 設計協作 (figma)","外掛型技能","","","","","待逐筆查證",""
"figma-use","操作 Figma","Figma 設計協作 (figma)","外掛型技能","","","","","待逐筆查證",""
"figma-use-figjam","操作 FigJam","Figma 設計協作 (figma)","外掛型技能","","","","","待逐筆查證",""
"figma-use-slides","操作 Slides","Figma 設計協作 (figma)","外掛型技能","","","","","待逐筆查證",""
"miro-browse","瀏覽白板","Miro 白板協作 (miro)","外掛型技能","","","","","待逐筆查證",""
"miro-code-review","視覺化程式碼審查","Miro 白板協作 (miro)","外掛型技能","","","","","待逐筆查證",""
"miro-code-spec","規格擷取","Miro 白板協作 (miro)","外掛型技能","","","","","待逐筆查證",""
"miro-diagram","建圖表","Miro 白板協作 (miro)","外掛型技能","","","","","待逐筆查證",""
"miro-doc","建文件","Miro 白板協作 (miro)","外掛型技能","","","","","待逐筆查證",""
"miro-table","建表格","Miro 白板協作 (miro)","外掛型技能","","","","","待逐筆查證",""
"content-experimentation-best-practices","內容實驗最佳實務","Sanity 無頭內容管理系統 (sanity)","外掛型技能","","","","","待逐筆查證",""
"content-modeling-best-practices","內容建模最佳實務","Sanity 無頭內容管理系統 (sanity)","外掛型技能","","","","","待逐筆查證",""
"portable-text-conversion","Portable Text 轉換","Sanity 無頭內容管理系統 (sanity)","外掛型技能","","","","","待逐筆查證",""
"portable-text-serialization","Portable Text 序列化","Sanity 無頭內容管理系統 (sanity)","外掛型技能","","","","","待逐筆查證",""
"sanity-best-practices","Sanity 最佳實務","Sanity 無頭內容管理系統 (sanity)","外掛型技能","","","","","待逐筆查證",""
"sanity-migration","Sanity 遷移","Sanity 無頭內容管理系統 (sanity)","外掛型技能","","","","","待逐筆查證",""
"seo-aeo-best-practices","SEO/AEO 最佳實務","Sanity 無頭內容管理系統 (sanity)","外掛型技能","","","","","待逐筆查證",""
"deploy-schema","部署 schema（指令）","Sanity 無頭內容管理系統 (sanity)","外掛型技能","","","","","待逐筆查證",""
"sanity-review","程式碼審查（指令）","Sanity 無頭內容管理系統 (sanity)","外掛型技能","","","","","待逐筆查證",""
"sanity","技能列表（指令）","Sanity 無頭內容管理系統 (sanity)","外掛型技能","","","","","待逐筆查證",""
"typegen","TypeGen（指令）","Sanity 無頭內容管理系統 (sanity)","外掛型技能","","","","","待逐筆查證",""
"cloudinary-docs","Cloudinary 文件","Cloudinary 媒體 (cloudinary)","外掛型技能","","","","","待逐筆查證",""
"cloudinary-transformations","轉換 URL","Cloudinary 媒體 (cloudinary)","外掛型技能","","","","","待逐筆查證",""
"adobe-batch-edit-photos","批次調色","Adobe 創意工具 (adobe-for-creativity)","外掛型技能","","","","","待逐筆查證",""
"adobe-create-social-variations","社群尺寸變體","Adobe 創意工具 (adobe-for-creativity)","外掛型技能","","","","","待逐筆查證",""
"adobe-design-from-template","模板設計","Adobe 創意工具 (adobe-for-creativity)","外掛型技能","","","","","待逐筆查證",""
"adobe-edit-quick-cut","影片快剪","Adobe 創意工具 (adobe-for-creativity)","外掛型技能","","","","","待逐筆查證",""
"adobe-resize-photos-and-videos","尺寸調整","Adobe 創意工具 (adobe-for-creativity)","外掛型技能","","","","","待逐筆查證",""
"adobe-retouch-portraits","人像潤飾","Adobe 創意工具 (adobe-for-creativity)","外掛型技能","","","","","待逐筆查證",""
"annotate","協作標註（指令）","PDF 互動檢視器 (pdf-viewer)","外掛型技能","","","","","待逐筆查證",""
"fill-form","填表單（指令）","PDF 互動檢視器 (pdf-viewer)","外掛型技能","","","","","待逐筆查證",""
"open","開啟（指令）","PDF 互動檢視器 (pdf-viewer)","外掛型技能","","","","","待逐筆查證",""
"sign","簽名（指令）","PDF 互動檢視器 (pdf-viewer)","外掛型技能","","","","","待逐筆查證",""
"view-pdf","互動檢視","PDF 互動檢視器 (pdf-viewer)","外掛型技能","","","","","待逐筆查證",""
"architecture","架構決策（ADR）","Engineering 工程 (engineering)","外掛型技能","","","","","待逐筆查證",""
"code-review","程式碼審查","Engineering 工程 (engineering)","外掛型技能","","","","","待逐筆查證",""
"debug","結構化除錯","Engineering 工程 (engineering)","外掛型技能","","","","","待逐筆查證",""
"deploy-checklist","部署檢查","Engineering 工程 (engineering)","外掛型技能","","","","","待逐筆查證",""
"documentation","技術文件","Engineering 工程 (engineering)","外掛型技能","","","","","待逐筆查證",""
"incident-response","事件應變","Engineering 工程 (engineering)","外掛型技能","","","","","待逐筆查證",""
"standup","站會更新","Engineering 工程 (engineering)","外掛型技能","","","","","待逐筆查證",""
"system-design","系統設計","Engineering 工程 (engineering)","外掛型技能","","","","","待逐筆查證",""
"tech-debt","技術債","Engineering 工程 (engineering)","外掛型技能","","","","","待逐筆查證",""
"testing-strategy","測試策略","Engineering 工程 (engineering)","外掛型技能","","","","","待逐筆查證",""
"init","初始化專案記憶","核心開發指令 (commands)","外掛型技能","","","","","待逐筆查證",""
"review","審查 PR","核心開發指令 (commands)","外掛型技能","","","","","待逐筆查證",""
"security-review","安全審查","核心開發指令 (commands)","外掛型技能","","","","","待逐筆查證",""
"qodo-get-rules","載入編碼規則","Qodo 程式品質 (qodo-skills)","外掛型技能","","","","","待逐筆查證",""
"qodo-pr-resolver","PR 留言修復","Qodo 程式品質 (qodo-skills)","外掛型技能","","","","","待逐筆查證",""
"fix-test","修合規測試","Vanta 合規測試 (vanta)","外掛型技能","","","","","待逐筆查證",""
"list-tests","列失敗測試","Vanta 合規測試 (vanta)","外掛型技能","","","","","待逐筆查證",""
"test-remediation","測試修復","Vanta 合規測試 (vanta)","外掛型技能","","","","","待逐筆查證",""
"now-sdk-explain","now-sdk 說明","Fluent ServiceNow 開發工具 (fluent)","外掛型技能","","","","","待逐筆查證",""
"desktop-commander-overview","能力總覽","Desktop Commander 桌面系統操作 (desktop-commander)","外掛型技能","","","","","待逐筆查證",""
"product-tracking-audit-current-tracking","稽核埋點現況","Product Tracking 產品埋點 (product-tracking-skills)","外掛型技能","","","","","待逐筆查證",""
"product-tracking-business-case","埋點商業論證","Product Tracking 產品埋點 (product-tracking-skills)","外掛型技能","","","","","待逐筆查證",""
"product-tracking-design-tracking-plan","設計埋點計畫","Product Tracking 產品埋點 (product-tracking-skills)","外掛型技能","","","","","待逐筆查證",""
"product-tracking-generate-implementation-guide","產實作指南","Product Tracking 產品埋點 (product-tracking-skills)","外掛型技能","","","","","待逐筆查證",""
"product-tracking-implement-tracking","落地埋點程式","Product Tracking 產品埋點 (product-tracking-skills)","外掛型技能","","","","","待逐筆查證",""
"product-tracking-instrument-new-feature","新功能埋點","Product Tracking 產品埋點 (product-tracking-skills)","外掛型技能","","","","","待逐筆查證",""
"product-tracking-model-product","產品建模","Product Tracking 產品埋點 (product-tracking-skills)","外掛型技能","","","","","待逐筆查證",""
"cowork-plugin-customizer","外掛客製","Cowork 外掛管理 (cowork-plugin-management)","外掛型技能","","","","","待逐筆查證",""
"create-cowork-plugin","建立外掛","Cowork 外掛管理 (cowork-plugin-management)","外掛型技能","","","","","待逐筆查證",""
"analyzing-range-distribution","Range 分佈分析","CockroachDB 分散式資料庫 (cockroachdb)","外掛型技能","","","","","待逐筆查證",""
"analyzing-schema-change-storage-risk","Schema 變更儲存風險","CockroachDB 分散式資料庫 (cockroachdb)","外掛型技能","","","","","待逐筆查證",""
"auditing-cloud-cluster-security","叢集安全稽核","CockroachDB 分散式資料庫 (cockroachdb)","外掛型技能","","","","","待逐筆查證",""
"auditing-table-statistics","表統計稽核","CockroachDB 分散式資料庫 (cockroachdb)","外掛型技能","","","","","待逐筆查證",""
"benchmarking-transaction-patterns","交易模式基準","CockroachDB 分散式資料庫 (cockroachdb)","外掛型技能","","","","","待逐筆查證",""
"cockroachdb-sql","CockroachDB SQL 資料庫查詢","CockroachDB 分散式資料庫 (cockroachdb)","外掛型技能","","","","","待逐筆查證",""
"configuring-audit-logging","設定稽核日誌","CockroachDB 分散式資料庫 (cockroachdb)","外掛型技能","","","","","待逐筆查證",""
"configuring-ip-allowlists","設定 IP 白名單","CockroachDB 分散式資料庫 (cockroachdb)","外掛型技能","","","","","待逐筆查證",""
"configuring-log-export","設定日誌匯出","CockroachDB 分散式資料庫 (cockroachdb)","外掛型技能","","","","","待逐筆查證",""
"configuring-private-connectivity","設定私有連線","CockroachDB 分散式資料庫 (cockroachdb)","外掛型技能","","","","","待逐筆查證",""
"configuring-sso-and-scim","設定 SSO/SCIM","CockroachDB 分散式資料庫 (cockroachdb)","外掛型技能","","","","","待逐筆查證",""
"designing-application-transactions","設計應用交易","CockroachDB 分散式資料庫 (cockroachdb)","外掛型技能","","","","","待逐筆查證",""
"designing-multi-region-applications","設計多區域應用","CockroachDB 分散式資料庫 (cockroachdb)","外掛型技能","","","","","待逐筆查證",""
"enabling-cmek-encryption","啟用 CMEK 加密","CockroachDB 分散式資料庫 (cockroachdb)","外掛型技能","","","","","待逐筆查證",""
"enforcing-password-policies","強化密碼政策","CockroachDB 分散式資料庫 (cockroachdb)","外掛型技能","","","","","待逐筆查證",""
"hardening-user-privileges","強化使用者權限","CockroachDB 分散式資料庫 (cockroachdb)","外掛型技能","","","","","待逐筆查證",""
"managing-certificates-and-encryption","憑證與加密管理","CockroachDB 分散式資料庫 (cockroachdb)","外掛型技能","","","","","待逐筆查證",""
"managing-cluster-capacity","叢集容量管理","CockroachDB 分散式資料庫 (cockroachdb)","外掛型技能","","","","","待逐筆查證",""
"managing-cluster-settings","叢集設定管理","CockroachDB 分散式資料庫 (cockroachdb)","外掛型技能","","","","","待逐筆查證",""
"managing-tls-certificates","TLS 憑證管理","CockroachDB 分散式資料庫 (cockroachdb)","外掛型技能","","","","","待逐筆查證",""
"molt-fetch","MOLT 資料搬遷","CockroachDB 分散式資料庫 (cockroachdb)","外掛型技能","","","","","待逐筆查證",""
"molt-replicator","MOLT 複寫","CockroachDB 分散式資料庫 (cockroachdb)","外掛型技能","","","","","待逐筆查證",""
"molt-verify","MOLT 驗證","CockroachDB 分散式資料庫 (cockroachdb)","外掛型技能","","","","","待逐筆查證",""
"monitoring-background-jobs","背景工作監控","CockroachDB 分散式資料庫 (cockroachdb)","外掛型技能","","","","","待逐筆查證",""
"performing-cluster-maintenance","叢集維護","CockroachDB 分散式資料庫 (cockroachdb)","外掛型技能","","","","","待逐筆查證",""
"preparing-compliance-documentation","合規文件準備","CockroachDB 分散式資料庫 (cockroachdb)","外掛型技能","","","","","待逐筆查證",""
"profiling-statement-fingerprints","語句指紋剖析","CockroachDB 分散式資料庫 (cockroachdb)","外掛型技能","","","","","待逐筆查證",""
"profiling-transaction-fingerprints","交易指紋剖析","CockroachDB 分散式資料庫 (cockroachdb)","外掛型技能","","","","","待逐筆查證",""
"provisioning-cluster-for-production","生產佈建","CockroachDB 分散式資料庫 (cockroachdb)","外掛型技能","","","","","待逐筆查證",""
"reviewing-cluster-health","叢集健康檢視","CockroachDB 分散式資料庫 (cockroachdb)","外掛型技能","","","","","待逐筆查證",""
"setting-up-local-cluster","本機叢集建置","CockroachDB 分散式資料庫 (cockroachdb)","外掛型技能","","","","","待逐筆查證",""
"triaging-live-sql-activity","即時 SQL 活動分流","CockroachDB 分散式資料庫 (cockroachdb)","外掛型技能","","","","","待逐筆查證",""
"upgrading-cluster-version","版本升級","CockroachDB 分散式資料庫 (cockroachdb)","外掛型技能","","","","","待逐筆查證",""
"twilio-account-setup","帳號設定","Twilio 通訊開發 (twilio-developer-kit)","外掛型技能","","","","","待逐筆查證",""
"twilio-agent-augmentation-architect","真人坐席增強規劃","Twilio 通訊開發 (twilio-developer-kit)","外掛型技能","","","","","待逐筆查證",""
"twilio-agent-connect","第三方 AI 代理接入","Twilio 通訊開發 (twilio-developer-kit)","外掛型技能","","","","","待逐筆查證",""
"twilio-ai-agent-architect","AI 對話代理規劃","Twilio 通訊開發 (twilio-developer-kit)","外掛型技能","","","","","待逐筆查證",""
"twilio-call-recordings","通話錄音","Twilio 通訊開發 (twilio-developer-kit)","外掛型技能","","","","","待逐筆查證",""
"twilio-cli-reference","Twilio CLI 命令列工具","Twilio 通訊開發 (twilio-developer-kit)","外掛型技能","","","","","待逐筆查證",""
"twilio-compliance-onboarding","合規上線登記","Twilio 通訊開發 (twilio-developer-kit)","外掛型技能","","","","","待逐筆查證",""
"twilio-compliance-traffic","流量合規規範","Twilio 通訊開發 (twilio-developer-kit)","外掛型技能","","","","","待逐筆查證",""
"twilio-conference-calls","多方通話","Twilio 通訊開發 (twilio-developer-kit)","外掛型技能","","","","","待逐筆查證",""
"twilio-content-template-builder","訊息模板","Twilio 通訊開發 (twilio-developer-kit)","外掛型技能","","","","","待逐筆查證",""
"twilio-conversation-intelligence","對話情報","Twilio 通訊開發 (twilio-developer-kit)","外掛型技能","","","","","待逐筆查證",""
"twilio-conversation-orchestrator","對話編排","Twilio 通訊開發 (twilio-developer-kit)","外掛型技能","","","","","待逐筆查證",""
"twilio-conversations-classic-api","對話 API（classic）","Twilio 通訊開發 (twilio-developer-kit)","外掛型技能","","","","","待逐筆查證",""
"twilio-customer-memory","客戶記憶","Twilio 通訊開發 (twilio-developer-kit)","外掛型技能","","","","","待逐筆查證",""
"twilio-customer-support-architect","客服系統規劃","Twilio 通訊開發 (twilio-developer-kit)","外掛型技能","","","","","待逐筆查證",""
"twilio-debugging-observability","除錯與可觀測性","Twilio 通訊開發 (twilio-developer-kit)","外掛型技能","","","","","待逐筆查證",""
"twilio-email-deliverability-advisor","Email 送達顧問（Twilio）","Twilio 通訊開發 (twilio-developer-kit)","外掛型技能","","","","","待逐筆查證",""
"twilio-email-send","Email 寄送（Twilio）","Twilio 通訊開發 (twilio-developer-kit)","外掛型技能","","","","","待逐筆查證",""
"twilio-enterprise-knowledge","企業知識庫","Twilio 通訊開發 (twilio-developer-kit)","外掛型技能","","","","","待逐筆查證",""
"twilio-iam-auth-setup","IAM 認證設定","Twilio 通訊開發 (twilio-developer-kit)","外掛型技能","","","","","待逐筆查證",""
"twilio-identity-verification-advisor","身分驗證規劃","Twilio 通訊開發 (twilio-developer-kit)","外掛型技能","","","","","待逐筆查證",""
"twilio-lookup-phone-intelligence","號碼情報查詢","Twilio 通訊開發 (twilio-developer-kit)","外掛型技能","","","","","待逐筆查證",""
"twilio-marketing-promotions-advisor","行銷推廣規劃","Twilio 通訊開發 (twilio-developer-kit)","外掛型技能","","","","","待逐筆查證",""
"twilio-messaging-channel-advisor","訊息通道選擇","Twilio 通訊開發 (twilio-developer-kit)","外掛型技能","","","","","待逐筆查證",""
"twilio-messaging-overview","訊息總覽","Twilio 通訊開發 (twilio-developer-kit)","外掛型技能","","","","","待逐筆查證",""
"twilio-messaging-services","訊息服務","Twilio 通訊開發 (twilio-developer-kit)","外掛型技能","","","","","待逐筆查證",""
"twilio-messaging-webhooks","訊息 Webhook","Twilio 通訊開發 (twilio-developer-kit)","外掛型技能","","","","","待逐筆查證",""
"twilio-notifications-alerts-advisor","通知警示規劃","Twilio 通訊開發 (twilio-developer-kit)","外掛型技能","","","","","待逐筆查證",""
"twilio-numbers-senders","號碼與寄件方","Twilio 通訊開發 (twilio-developer-kit)","外掛型技能","","","","","待逐筆查證",""
"twilio-organizations-setup","組織設定","Twilio 通訊開發 (twilio-developer-kit)","外掛型技能","","","","","待逐筆查證",""
"twilio-rcs-messaging","RCS 訊息","Twilio 通訊開發 (twilio-developer-kit)","外掛型技能","","","","","待逐筆查證",""
"twilio-regulatory-compliance-bundles","法規合規包","Twilio 通訊開發 (twilio-developer-kit)","外掛型技能","","","","","待逐筆查證",""
"twilio-reliability-patterns","可靠性模式","Twilio 通訊開發 (twilio-developer-kit)","外掛型技能","","","","","待逐筆查證",""
"twilio-security-api-auth","安全 API 認證","Twilio 通訊開發 (twilio-developer-kit)","外掛型技能","","","","","待逐筆查證",""
"twilio-security-compliance-hipaa","HIPAA 合規","Twilio 通訊開發 (twilio-developer-kit)","外掛型技能","","","","","待逐筆查證",""
"twilio-security-hardening","安全強化","Twilio 通訊開發 (twilio-developer-kit)","外掛型技能","","","","","待逐筆查證",""
"twilio-send-message","發送訊息","Twilio 通訊開發 (twilio-developer-kit)","外掛型技能","","","","","待逐筆查證",""
"twilio-sms-isv-setup","SMS ISV 設定","Twilio 通訊開發 (twilio-developer-kit)","外掛型技能","","","","","待逐筆查證",""
"twilio-sms-send-message","SMS 深入參考","Twilio 通訊開發 (twilio-developer-kit)","外掛型技能","","","","","待逐筆查證",""
"twilio-taskrouter-routing","TaskRouter 路由","Twilio 通訊開發 (twilio-developer-kit)","外掛型技能","","","","","待逐筆查證",""
"twilio-verify-send-otp","Twilio Verify 一次性密碼驗證","Twilio 通訊開發 (twilio-developer-kit)","外掛型技能","","","","","待逐筆查證",""
"twilio-voice-conversation-relay","ConversationRelay 語音 AI","Twilio 通訊開發 (twilio-developer-kit)","外掛型技能","","","","","待逐筆查證",""
"twilio-voice-outbound-calls","外撥語音","Twilio 通訊開發 (twilio-developer-kit)","外掛型技能","","","","","待逐筆查證",""
"twilio-voice-twiml","TwiML 語音邏輯","Twilio 通訊開發 (twilio-developer-kit)","外掛型技能","","","","","待逐筆查證",""
"twilio-webhook-architecture","Webhook 架構","Twilio 通訊開發 (twilio-developer-kit)","外掛型技能","","","","","待逐筆查證",""
"twilio-whatsapp-manage-senders","WhatsApp 寄件方管理","Twilio 通訊開發 (twilio-developer-kit)","外掛型技能","","","","","待逐筆查證",""
"twilio-whatsapp-send-message","WhatsApp 深入參考","Twilio 通訊開發 (twilio-developer-kit)","外掛型技能","","","","","待逐筆查證",""
"twilio-sendgrid-account-setup","SendGrid 帳號設定","SendGrid 電子郵件開發 (twilio-developer-kit)","外掛型技能","","","","","待逐筆查證",""
"twilio-sendgrid-deliverability-advisor","送達顧問","SendGrid 電子郵件開發 (twilio-developer-kit)","外掛型技能","","","","","待逐筆查證",""
"twilio-sendgrid-email-send","Email 寄送","SendGrid 電子郵件開發 (twilio-developer-kit)","外掛型技能","","","","","待逐筆查證",""
"twilio-sendgrid-email-settings","Email 設定","SendGrid 電子郵件開發 (twilio-developer-kit)","外掛型技能","","","","","待逐筆查證",""
"twilio-sendgrid-engagement-quality","互動品質（SEQ）","SendGrid 電子郵件開發 (twilio-developer-kit)","外掛型技能","","","","","待逐筆查證",""
"twilio-sendgrid-inbound-parse","進站解析","SendGrid 電子郵件開發 (twilio-developer-kit)","外掛型技能","","","","","待逐筆查證",""
"twilio-sendgrid-suppressions","退信抑制","SendGrid 電子郵件開發 (twilio-developer-kit)","外掛型技能","","","","","待逐筆查證",""
"twilio-sendgrid-webhooks","事件 Webhook","SendGrid 電子郵件開發 (twilio-developer-kit)","外掛型技能","","","","","待逐筆查證",""
"build-zoom-bot","建會議機器人","Zoom 開發 (zoom-plugin)","外掛型技能","","","","","待逐筆查證",""
"build-zoom-meeting-app","建會議 App","Zoom 開發 (zoom-plugin)","外掛型技能","","","","","待逐筆查證",""
"choose-zoom-approach","選建置方式","Zoom 開發 (zoom-plugin)","外掛型技能","","","","","待逐筆查證",""
"cobrowse-sdk","Cobrowse SDK 共同瀏覽開發套件","Zoom 開發 (zoom-plugin)","外掛型技能","","","","","待逐筆查證",""
"contact-center","Contact Center 聯絡中心","Zoom 開發 (zoom-plugin)","外掛型技能","","","","","待逐筆查證",""
"debug-zoom","除錯 Zoom","Zoom 開發 (zoom-plugin)","外掛型技能","","","","","待逐筆查證",""
"debug-zoom-integration","除錯整合","Zoom 開發 (zoom-plugin)","外掛型技能","","","","","待逐筆查證",""
"design-mcp-workflow","設計 MCP 工作流","Zoom 開發 (zoom-plugin)","外掛型技能","","","","","待逐筆查證",""
"general","跨產品參考","Zoom 開發 (zoom-plugin)","外掛型技能","","","","","待逐筆查證",""
"meeting-sdk","Meeting SDK 會議開發套件","Zoom 開發 (zoom-plugin)","外掛型技能","","","","","待逐筆查證",""
"oauth","OAuth 認證","Zoom 開發 (zoom-plugin)","外掛型技能","","","","","待逐筆查證",""
"phone","Zoom Phone 雲端電話","Zoom 開發 (zoom-plugin)","外掛型技能","","","","","待逐筆查證",""
"plan-zoom-integration","規劃整合","Zoom 開發 (zoom-plugin)","外掛型技能","","","","","待逐筆查證",""
"plan-zoom-product","規劃產品面","Zoom 開發 (zoom-plugin)","外掛型技能","","","","","待逐筆查證",""
"probe-sdk","Probe SDK 媒體診斷套件","Zoom 開發 (zoom-plugin)","外掛型技能","","","","","待逐筆查證",""
"rest-api","REST API 網路服務介面","Zoom 開發 (zoom-plugin)","外掛型技能","","","","","待逐筆查證",""
"rivet-sdk","Rivet SDK 整合開發套件","Zoom 開發 (zoom-plugin)","外掛型技能","","","","","待逐筆查證",""
"rtms","RTMS 即時媒體","Zoom 開發 (zoom-plugin)","外掛型技能","","","","","待逐筆查證",""
"scribe","Scribe 轉錄","Zoom 開發 (zoom-plugin)","外掛型技能","","","","","待逐筆查證",""
"setup-zoom-mcp","設定 MCP","Zoom 開發 (zoom-plugin)","外掛型技能","","","","","待逐筆查證",""
"setup-zoom-oauth","設定 OAuth","Zoom 開發 (zoom-plugin)","外掛型技能","","","","","待逐筆查證",""
"start","入門路由","Zoom 開發 (zoom-plugin)","外掛型技能","","","","","待逐筆查證",""
"team-chat","Team Chat 團隊聊天","Zoom 開發 (zoom-plugin)","外掛型技能","","","","","待逐筆查證",""
"ui-toolkit","UI Toolkit 介面工具組","Zoom 開發 (zoom-plugin)","外掛型技能","","","","","待逐筆查證",""
"video-sdk","Video SDK 視訊開發套件","Zoom 開發 (zoom-plugin)","外掛型技能","","","","","待逐筆查證",""
"virtual-agent","Virtual Agent 虛擬客服代理","Zoom 開發 (zoom-plugin)","外掛型技能","","","","","待逐筆查證",""
"webhooks","Webhook 事件回呼","Zoom 開發 (zoom-plugin)","外掛型技能","","","","","待逐筆查證",""
"websockets","WebSocket 即時連線","Zoom 開發 (zoom-plugin)","外掛型技能","","","","","待逐筆查證",""
"zoom-apps-sdk","Apps SDK 應用程式開發套件","Zoom 開發 (zoom-plugin)","外掛型技能","","","","","待逐筆查證",""
"zoom-mcp","Zoom MCP 模型情境協定","Zoom 開發 (zoom-plugin)","外掛型技能","","","","","待逐筆查證",""
"falco","VCL 檢查（falco）","Fastly CDN 邊緣網路 (fastly-agent-toolkit)","外掛型技能","","","","","待逐筆查證",""
"fastlike","Compute 本機執行","Fastly CDN 邊緣網路 (fastly-agent-toolkit)","外掛型技能","","","","","待逐筆查證",""
"fastly","Fastly 平台","Fastly CDN 邊緣網路 (fastly-agent-toolkit)","外掛型技能","","","","","待逐筆查證",""
"fastly-cli","Fastly CLI 命令列工具","Fastly CDN 邊緣網路 (fastly-agent-toolkit)","外掛型技能","","","","","待逐筆查證",""
"fastly-ngwaf","NGWAF 稽核","Fastly CDN 邊緣網路 (fastly-agent-toolkit)","外掛型技能","","","","","待逐筆查證",""
"viceroy","Viceroy 本機","Fastly CDN 邊緣網路 (fastly-agent-toolkit)","外掛型技能","","","","","待逐筆查證",""
"xvcl","XVCL 擴充","Fastly CDN 邊緣網路 (fastly-agent-toolkit)","外掛型技能","","","","","待逐筆查證",""
"analyze","數據分析","Data 數據分析 (data)","外掛型技能","","","","","待逐筆查證",""
"build-dashboard","建儀表板","Data 數據分析 (data)","外掛型技能","","","","","待逐筆查證",""
"create-viz","建視覺化","Data 數據分析 (data)","外掛型技能","","","","","待逐筆查證",""
"data-context-extractor","資料情境萃取","Data 數據分析 (data)","外掛型技能","","","","","待逐筆查證",""
"data-visualization","資料視覺化","Data 數據分析 (data)","外掛型技能","","","","","待逐筆查證",""
"explore-data","探索資料","Data 數據分析 (data)","外掛型技能","","","","","待逐筆查證",""
"sql-queries","SQL 查詢","Data 數據分析 (data)","外掛型技能","","","","","待逐筆查證",""
"statistical-analysis","統計分析","Data 數據分析 (data)","外掛型技能","","","","","待逐筆查證",""
"validate-data","分析驗證","Data 數據分析 (data)","外掛型技能","","","","","待逐筆查證",""
"write-query","寫查詢","Data 數據分析 (data)","外掛型技能","","","","","待逐筆查證",""
"agent-activity-log","代理活動日誌","Airtable 資料庫與營運 (airtable)","外掛型技能","","","","","待逐筆查證",""
"airtable-cli","Airtable CLI 命令列工具","Airtable 資料庫與營運 (airtable)","外掛型技能","","","","","待逐筆查證",""
"airtable-filters","Airtable 篩選","Airtable 資料庫與營運 (airtable)","外掛型技能","","","","","待逐筆查證",""
"airtable-overview","Airtable 概念","Airtable 資料庫與營運 (airtable)","外掛型技能","","","","","待逐筆查證",""
"marketing-ops","行銷營運","Airtable 資料庫與營運 (airtable)","外掛型技能","","","","","待逐筆查證",""
"product-ops","產品營運","Airtable 資料庫與營運 (airtable)","外掛型技能","","","","","待逐筆查證",""
"sales-ops","銷售營運","Airtable 資料庫與營運 (airtable)","外掛型技能","","","","","待逐筆查證",""
"show-airtable-link","提供連結","Airtable 資料庫與營運 (airtable)","外掛型技能","","","","","待逐筆查證",""
"audit-support","稽核支援","Finance 財會 (finance)","外掛型技能","","","","","待逐筆查證",""
"close-management","月結管理","Finance 財會 (finance)","外掛型技能","","","","","待逐筆查證",""
"financial-statements","財務報表","Finance 財會 (finance)","外掛型技能","","","","","待逐筆查證",""
"journal-entry","分錄","Finance 財會 (finance)","外掛型技能","","","","","待逐筆查證",""
"journal-entry-prep","分錄準備","Finance 財會 (finance)","外掛型技能","","","","","待逐筆查證",""
"reconciliation","對帳","Finance 財會 (finance)","外掛型技能","","","","","待逐筆查證",""
"sox-testing","SOX 測試","Finance 財會 (finance)","外掛型技能","","","","","待逐筆查證",""
"variance-analysis","差異分析","Finance 財會 (finance)","外掛型技能","","","","","待逐筆查證",""
"build-model","建模型","Daloopa 財務模型 (daloopa)","外掛型技能","","","","","待逐筆查證",""
"bull-bear","多空情境","Daloopa 財務模型 (daloopa)","外掛型技能","","","","","待逐筆查證",""
"capital-allocation","資本配置","Daloopa 財務模型 (daloopa)","外掛型技能","","","","","待逐筆查證",""
"comp-sheet","同業比較表","Daloopa 財務模型 (daloopa)","外掛型技能","","","","","待逐筆查證",""
"comps","交易倍數比較","Daloopa 財務模型 (daloopa)","外掛型技能","","","","","待逐筆查證",""
"dcf","DCF 估值","Daloopa 財務模型 (daloopa)","外掛型技能","","","","","待逐筆查證",""
"earnings-flash","財報速讀","Daloopa 財務模型 (daloopa)","外掛型技能","","","","","待逐筆查證",""
"earnings-prep","財報前準備","Daloopa 財務模型 (daloopa)","外掛型技能","","","","","待逐筆查證",""
"earnings-review","財報檢視","Daloopa 財務模型 (daloopa)","外掛型技能","","","","","待逐筆查證",""
"guidance-tracker","展望追蹤","Daloopa 財務模型 (daloopa)","外掛型技能","","","","","待逐筆查證",""
"ib-deck","IB 簡報","Daloopa 財務模型 (daloopa)","外掛型技能","","","","","待逐筆查證",""
"industry","產業比較","Daloopa 財務模型 (daloopa)","外掛型技能","","","","","待逐筆查證",""
"inflection","拐點偵測","Daloopa 財務模型 (daloopa)","外掛型技能","","","","","待逐筆查證",""
"initiate","啟動覆蓋","Daloopa 財務模型 (daloopa)","外掛型技能","","","","","待逐筆查證",""
"precedent-transactions","先例交易","Daloopa 財務模型 (daloopa)","外掛型技能","","","","","待逐筆查證",""
"research-note","研究報告","Daloopa 財務模型 (daloopa)","外掛型技能","","","","","待逐筆查證",""
"setup","設定","Daloopa 財務模型 (daloopa)","外掛型技能","","","","","待逐筆查證",""
"supply-chain","供應鏈儀表板","Daloopa 財務模型 (daloopa)","外掛型技能","","","","","待逐筆查證",""
"tearsheet","一頁概覽","Daloopa 財務模型 (daloopa)","外掛型技能","","","","","待逐筆查證",""
"unit-economics","單位經濟","Daloopa 財務模型 (daloopa)","外掛型技能","","","","","待逐筆查證",""
"working-capital","營運資金","Daloopa 財務模型 (daloopa)","外掛型技能","","","","","待逐筆查證",""
"catalyst-monitor","催化劑監測","Bigdata.com 投研分析 (bigdata-com)","外掛型技能","","","","","待逐筆查證",""
"company-brief","公司簡報","Bigdata.com 投研分析 (bigdata-com)","外掛型技能","","","","","待逐筆查證",""
"country-analysis","國家分析","Bigdata.com 投研分析 (bigdata-com)","外掛型技能","","","","","待逐筆查證",""
"country-sector-analysis","國家×產業分析","Bigdata.com 投研分析 (bigdata-com)","外掛型技能","","","","","待逐筆查證",""
"cross-sector","跨產業比較","Bigdata.com 投研分析 (bigdata-com)","外掛型技能","","","","","待逐筆查證",""
"earnings-digest","財報摘要","Bigdata.com 投研分析 (bigdata-com)","外掛型技能","","","","","待逐筆查證",""
"earnings-preview","財報前瞻","Bigdata.com 投研分析 (bigdata-com)","外掛型技能","","","","","待逐筆查證",""
"earnings-quality-screen","盈餘品質篩檢","Bigdata.com 投研分析 (bigdata-com)","外掛型技能","","","","","待逐筆查證",""
"earnings-reaction","財報反應","Bigdata.com 投研分析 (bigdata-com)","外掛型技能","","","","","待逐筆查證",""
"g7-comparison","G7 比較","Bigdata.com 投研分析 (bigdata-com)","外掛型技能","","","","","待逐筆查證",""
"investment-memo","投資備忘錄","Bigdata.com 投研分析 (bigdata-com)","外掛型技能","","","","","待逐筆查證",""
"moat-governance-review","護城河與治理","Bigdata.com 投研分析 (bigdata-com)","外掛型技能","","","","","待逐筆查證",""
"peer-comparables","同業可比","Bigdata.com 投研分析 (bigdata-com)","外掛型技能","","","","","待逐筆查證",""
"quick-take","快速觀點","Bigdata.com 投研分析 (bigdata-com)","外掛型技能","","","","","待逐筆查證",""
"regional-comparison","區域比較","Bigdata.com 投研分析 (bigdata-com)","外掛型技能","","","","","待逐筆查證",""
"risk-assessment","風險評估","Bigdata.com 投研分析 (bigdata-com)","外掛型技能","","","","","待逐筆查證",""
"scenario-analysis","情境分析","Bigdata.com 投研分析 (bigdata-com)","外掛型技能","","","","","待逐筆查證",""
"sector-analysis","產業分析","Bigdata.com 投研分析 (bigdata-com)","外掛型技能","","","","","待逐筆查證",""
"sector-playbook","產業 Playbook","Bigdata.com 投研分析 (bigdata-com)","外掛型技能","","","","","待逐筆查證",""
"thematic-research","主題研究","Bigdata.com 投研分析 (bigdata-com)","外掛型技能","","","","","待逐筆查證",""
"valuation-snapshot","估值快照","Bigdata.com 投研分析 (bigdata-com)","外掛型技能","","","","","待逐筆查證",""
"variant-perception","變異認知","Bigdata.com 投研分析 (bigdata-com)","外掛型技能","","","","","待逐筆查證",""
"financial-research-analyst","財務研究分析師","Bigdata.com 投研分析 (bigdata-com)","外掛型技能","","","","","待逐筆查證",""
"analyze-bond-basis","債券基差分析","LSEG 市場分析 (lseg)","外掛型技能","","","","","待逐筆查證",""
"analyze-bond-rv","債券相對價值","LSEG 市場分析 (lseg)","外掛型技能","","","","","待逐筆查證",""
"analyze-fx-carry","外匯利差交易","LSEG 市場分析 (lseg)","外掛型技能","","","","","待逐筆查證",""
"analyze-option-vol","選擇權波動率","LSEG 市場分析 (lseg)","外掛型技能","","","","","待逐筆查證",""
"analyze-swap-curve","換匯曲線分析","LSEG 市場分析 (lseg)","外掛型技能","","","","","待逐筆查證",""
"macro-rates","總體與利率","LSEG 市場分析 (lseg)","外掛型技能","","","","","待逐筆查證",""
"research-equity","股票研究（指令）","LSEG 市場分析 (lseg)","外掛型技能","","","","","待逐筆查證",""
"review-fi-portfolio","固收組合檢視（指令）","LSEG 市場分析 (lseg)","外掛型技能","","","","","待逐筆查證",""
"bond-futures-basis","債券期貨基差","LSEG 市場分析 (lseg)","外掛型技能","","","","","待逐筆查證",""
"bond-relative-value","債券相對價值","LSEG 市場分析 (lseg)","外掛型技能","","","","","待逐筆查證",""
"equity-research","股票研究","LSEG 市場分析 (lseg)","外掛型技能","","","","","待逐筆查證",""
"fixed-income-portfolio","固收投資組合","LSEG 市場分析 (lseg)","外掛型技能","","","","","待逐筆查證",""
"fx-carry-trade","外匯利差交易","LSEG 市場分析 (lseg)","外掛型技能","","","","","待逐筆查證",""
"macro-rates-monitor","總體利率監測","LSEG 市場分析 (lseg)","外掛型技能","","","","","待逐筆查證",""
"option-vol-analysis","選擇權波動率分析","LSEG 市場分析 (lseg)","外掛型技能","","","","","待逐筆查證",""
"swap-curve-strategy","換匯曲線策略","LSEG 市場分析 (lseg)","外掛型技能","","","","","待逐筆查證",""
"earnings-preview-beta","財報前瞻（beta）","S&P Global 市場情報 (sp-global)","外掛型技能","","","","","待逐筆查證",""
"funding-digest","募資摘要","S&P Global 市場情報 (sp-global)","外掛型技能","","","","","待逐筆查證",""
"sp-capital-iq-excel-pro","Capital IQ Excel 財務分析","S&P Global 市場情報 (sp-global)","外掛型技能","","","","","待逐筆查證",""
"tear-sheet","公司 Tear Sheet","S&P Global 市場情報 (sp-global)","外掛型技能","","","","","待逐筆查證",""
"carta-compensation-benchmarks","薪酬市場基準","Carta 股權結構 (carta-cap-table)","外掛型技能","","","","","待逐筆查證",""
"carta-compensation-rolematcher","職務分類","Carta 股權結構 (carta-cap-table)","外掛型技能","","","","","待逐筆查證",""
"carta-conversion-calculator","轉換計算","Carta 股權結構 (carta-cap-table)","外掛型技能","","","","","待逐筆查證",""
"carta-discover-commands","指令探索","Carta 股權結構 (carta-cap-table)","外掛型技能","","","","","待逐筆查證",""
"carta-grant-vesting","授予歸屬","Carta 股權結構 (carta-cap-table)","外掛型技能","","","","","待逐筆查證",""
"carta-interaction-reference","互動規範","Carta 股權結構 (carta-cap-table)","外掛型技能","","","","","待逐筆查證",""
"carta-market-benchmarks","投組統計基準","Carta 股權結構 (carta-cap-table)","外掛型技能","","","","","待逐筆查證",""
"carta-portfolio-alerts","投組警示","Carta 股權結構 (carta-cap-table)","外掛型技能","","","","","待逐筆查證",""
"carta-round-history","募資輪歷史","Carta 股權結構 (carta-cap-table)","外掛型技能","","","","","待逐筆查證",""
"carta-valuation-history","估值歷史","Carta 股權結構 (carta-cap-table)","外掛型技能","","","","","待逐筆查證",""
"carta-waterfall-scenarios","瀑布情境","Carta 股權結構 (carta-cap-table)","外掛型技能","","","","","待逐筆查證",""
"carta-witness-signatures","見證簽名","Carta 股權結構 (carta-cap-table)","外掛型技能","","","","","待逐筆查證",""
"carta-budget-actuals","預算實際數","Carta 投資人 (carta-investors)","外掛型技能","","","","","待逐筆查證",""
"carta-budget-scenarios","預算情境","Carta 投資人 (carta-investors)","外掛型技能","","","","","待逐筆查證",""
"carta-budget-vs-actuals","預算對實際","Carta 投資人 (carta-investors)","外掛型技能","","","","","待逐筆查證",""
"carta-co-investors","共同投資人","Carta 投資人 (carta-investors)","外掛型技能","","","","","待逐筆查證",""
"carta-consolidating-balance-sheet","合併資產負債表","Carta 投資人 (carta-investors)","外掛型技能","","","","","待逐筆查證",""
"carta-consolidating-pnl","合併損益表","Carta 投資人 (carta-investors)","外掛型技能","","","","","待逐筆查證",""
"carta-create-budget","建立預算","Carta 投資人 (carta-investors)","外掛型技能","","","","","待逐筆查證",""
"carta-download-tearsheet","下載 Tear Sheet","Carta 投資人 (carta-investors)","外掛型技能","","","","","待逐筆查證",""
"carta-explore-data","探索資料","Carta 投資人 (carta-investors)","外掛型技能","","","","","待逐筆查證",""
"carta-fetch-budget","擷取預算","Carta 投資人 (carta-investors)","外掛型技能","","","","","待逐筆查證",""
"carta-form-adv","Form ADV 投資顧問申報表","Carta 投資人 (carta-investors)","外掛型技能","","","","","待逐筆查證",""
"carta-investors-tutorial","教學導覽","Carta 投資人 (carta-investors)","外掛型技能","","","","","待逐筆查證",""
"carta-performance-benchmarks","績效基準","Carta 投資人 (carta-investors)","外掛型技能","","","","","待逐筆查證",""
"carta-soi","投資明細表（SOI）","Carta 投資人 (carta-investors)","外掛型技能","","","","","待逐筆查證",""
"instrument-data-to-allotrope","儀器資料標準化","Bio Research 生技研究 (bio-research)","外掛型技能","","","","","待逐筆查證",""
"nextflow-development","Nextflow 流程","Bio Research 生技研究 (bio-research)","外掛型技能","","","","","待逐筆查證",""
"scientific-problem-selection","科學研究選題","Bio Research 生技研究 (bio-research)","外掛型技能","","","","","待逐筆查證",""
"scvi-tools","scvi-tools 深度學習","Bio Research 生技研究 (bio-research)","外掛型技能","","","","","待逐筆查證",""
"single-cell-rna-qc","單細胞 RNA QC","Bio Research 生技研究 (bio-research)","外掛型技能","","","","","待逐筆查證",""
"start","環境設定","Bio Research 生技研究 (bio-research)","外掛型技能","","","","","待逐筆查證",""
"customer-escalation","客戶案件升級處理","Customer Support 客戶支援 (customer-support)","外掛型技能","","","","","待逐筆查證",""
"customer-research","客戶研究","Customer Support 客戶支援 (customer-support)","外掛型技能","","","","","待逐筆查證",""
"draft-response","回覆草擬","Customer Support 客戶支援 (customer-support)","外掛型技能","","","","","待逐筆查證",""
"kb-article","知識庫文章","Customer Support 客戶支援 (customer-support)","外掛型技能","","","","","待逐筆查證",""
"ticket-triage","工單分流","Customer Support 客戶支援 (customer-support)","外掛型技能","","","","","待逐筆查證",""
"customer-360","客戶 360","Intercom 客服 (intercom)","外掛型技能","","","","","待逐筆查證",""
"install-cli","安裝 CLI","Intercom 客服 (intercom)","外掛型技能","","","","","待逐筆查證",""
"install-messenger","安裝 Messenger","Intercom 客服 (intercom)","外掛型技能","","","","","待逐筆查證",""
"intercom-analysis","Intercom 分析","Intercom 客服 (intercom)","外掛型技能","","","","","待逐筆查證",""
"brief","法務簡報","Legal 法務 (legal)","外掛型技能","","","","","待逐筆查證",""
"compliance-check","合規檢查","Legal 法務 (legal)","外掛型技能","","","","","待逐筆查證",""
"legal-response","法務回覆","Legal 法務 (legal)","外掛型技能","","","","","待逐筆查證",""
"legal-risk-assessment","法務風險評估","Legal 法務 (legal)","外掛型技能","","","","","待逐筆查證",""
"meeting-briefing","會議簡報","Legal 法務 (legal)","外掛型技能","","","","","待逐筆查證",""
"review-contract","合約審查","Legal 法務 (legal)","外掛型技能","","","","","待逐筆查證",""
"signature-request","簽署請求","Legal 法務 (legal)","外掛型技能","","","","","待逐筆查證",""
"triage-nda","NDA 分流","Legal 法務 (legal)","外掛型技能","","","","","待逐筆查證",""
"vendor-check","供應商檢查","Legal 法務 (legal)","外掛型技能","","","","","待逐筆查證",""
"comp-analysis","薪酬分析","HR 人資 (human-resources)","外掛型技能","","","","","待逐筆查證",""
"draft-offer","草擬 offer","HR 人資 (human-resources)","外掛型技能","","","","","待逐筆查證",""
"interview-prep","面試準備","HR 人資 (human-resources)","外掛型技能","","","","","待逐筆查證",""
"onboarding","新人到職","HR 人資 (human-resources)","外掛型技能","","","","","待逐筆查證",""
"org-planning","組織規劃","HR 人資 (human-resources)","外掛型技能","","","","","待逐筆查證",""
"people-report","人力報告","HR 人資 (human-resources)","外掛型技能","","","","","待逐筆查證",""
"performance-review","績效檢視","HR 人資 (human-resources)","外掛型技能","","","","","待逐筆查證",""
"policy-lookup","政策查詢","HR 人資 (human-resources)","外掛型技能","","","","","待逐筆查證",""
"recruiting-pipeline","招募管線","HR 人資 (human-resources)","外掛型技能","","","","","待逐筆查證",""
"capacity-plan","產能規劃","Operations 營運 (operations)","外掛型技能","","","","","待逐筆查證",""
"change-request","變更請求","Operations 營運 (operations)","外掛型技能","","","","","待逐筆查證",""
"compliance-tracking","合規追蹤","Operations 營運 (operations)","外掛型技能","","","","","待逐筆查證",""
"process-doc","流程文件","Operations 營運 (operations)","外掛型技能","","","","","待逐筆查證",""
"process-optimization","流程優化","Operations 營運 (operations)","外掛型技能","","","","","待逐筆查證",""
"risk-assessment","風險評估","Operations 營運 (operations)","外掛型技能","","","","","待逐筆查證",""
"runbook","操作手冊","Operations 營運 (operations)","外掛型技能","","","","","待逐筆查證",""
"status-report","狀態報告","Operations 營運 (operations)","外掛型技能","","","","","待逐筆查證",""
"vendor-review","供應商檢視","Operations 營運 (operations)","外掛型技能","","","","","待逐筆查證",""
"brainstorm","腦力激盪（指令）","Product Management 產品管理 (product-management)","外掛型技能","","","","","待逐筆查證",""
"competitive-brief","競品簡報","Product Management 產品管理 (product-management)","外掛型技能","","","","","待逐筆查證",""
"metrics-review","指標檢視","Product Management 產品管理 (product-management)","外掛型技能","","","","","待逐筆查證",""
"product-brainstorming","產品腦力激盪","Product Management 產品管理 (product-management)","外掛型技能","","","","","待逐筆查證",""
"roadmap-update","路線圖更新","Product Management 產品管理 (product-management)","外掛型技能","","","","","待逐筆查證",""
"sprint-planning","衝刺規劃","Product Management 產品管理 (product-management)","外掛型技能","","","","","待逐筆查證",""
"stakeholder-update","利害關係人更新","Product Management 產品管理 (product-management)","外掛型技能","","","","","待逐筆查證",""
"synthesize-research","研究綜整","Product Management 產品管理 (product-management)","外掛型技能","","","","","待逐筆查證",""
"write-spec","寫規格","Product Management 產品管理 (product-management)","外掛型技能","","","","","待逐筆查證",""
"memory-management","記憶管理","Productivity 生產力 (productivity)","外掛型技能","","","","","待逐筆查證",""
"start","初始化","Productivity 生產力 (productivity)","外掛型技能","","","","","待逐筆查證",""
"task-management","任務管理","Productivity 生產力 (productivity)","外掛型技能","","","","","待逐筆查證",""
"update","同步更新","Productivity 生產力 (productivity)","外掛型技能","","","","","待逐筆查證",""
"digest","活動摘要","Enterprise Search 企業搜尋 (enterprise-search)","外掛型技能","","","","","待逐筆查證",""
"knowledge-synthesis","知識綜整","Enterprise Search 企業搜尋 (enterprise-search)","外掛型技能","","","","","待逐筆查證",""
"search","企業搜尋","Enterprise Search 企業搜尋 (enterprise-search)","外掛型技能","","","","","待逐筆查證",""
"search-strategy","搜尋策略","Enterprise Search 企業搜尋 (enterprise-search)","外掛型技能","","","","","待逐筆查證",""
"source-management","來源管理","Enterprise Search 企業搜尋 (enterprise-search)","外掛型技能","","","","","待逐筆查證",""
"agent-onboarding","代理上手","Bright Data 網路資料 (brightdata-plugin)","外掛型技能","","","","","待逐筆查證",""
"brand-listening","品牌聆聽","Bright Data 網路資料 (brightdata-plugin)","外掛型技能","","","","","待逐筆查證",""
"brd-browser-debug","瀏覽器除錯","Bright Data 網路資料 (brightdata-plugin)","外掛型技能","","","","","待逐筆查證",""
"bright-data-best-practices","最佳實務","Bright Data 網路資料 (brightdata-plugin)","外掛型技能","","","","","待逐筆查證",""
"bright-data-mcp","Bright Data MCP 網頁資料連接器","Bright Data 網路資料 (brightdata-plugin)","外掛型技能","","","","","待逐筆查證",""
"brightdata-cli","Bright Data CLI 命令列工具","Bright Data 網路資料 (brightdata-plugin)","外掛型技能","","","","","待逐筆查證",""
"competitive-intel","競品情報","Bright Data 網路資料 (brightdata-plugin)","外掛型技能","","","","","待逐筆查證",""
"data-feeds","資料饋送","Bright Data 網路資料 (brightdata-plugin)","外掛型技能","","","","","待逐筆查證",""
"design-mirror","設計鏡像","Bright Data 網路資料 (brightdata-plugin)","外掛型技能","","","","","待逐筆查證",""
"discover-api","Discover API 網頁探索介面","Bright Data 網路資料 (brightdata-plugin)","外掛型技能","","","","","待逐筆查證",""
"js-sdk-best-practices","JS SDK 最佳實務","Bright Data 網路資料 (brightdata-plugin)","外掛型技能","","","","","待逐筆查證",""
"live-research","即時研究","Bright Data 網路資料 (brightdata-plugin)","外掛型技能","","","","","待逐筆查證",""
"price-comparison","比價","Bright Data 網路資料 (brightdata-plugin)","外掛型技能","","","","","待逐筆查證",""
"proxy","代理","Bright Data 網路資料 (brightdata-plugin)","外掛型技能","","","","","待逐筆查證",""
"python-sdk-best-practices","Python SDK 最佳實務","Bright Data 網路資料 (brightdata-plugin)","外掛型技能","","","","","待逐筆查證",""
"rag-pipeline","RAG 管線","Bright Data 網路資料 (brightdata-plugin)","外掛型技能","","","","","待逐筆查證",""
"scrape","抓取","Bright Data 網路資料 (brightdata-plugin)","外掛型技能","","","","","待逐筆查證",""
"scraper-builder","抓取器建置","Bright Data 網路資料 (brightdata-plugin)","外掛型技能","","","","","待逐筆查證",""
"scraper-studio","Scraper Studio 網頁擷取工作室","Bright Data 網路資料 (brightdata-plugin)","外掛型技能","","","","","待逐筆查證",""
"search","搜尋","Bright Data 網路資料 (brightdata-plugin)","外掛型技能","","","","","待逐筆查證",""
"seo-audit","SEO 稽核","Bright Data 網路資料 (brightdata-plugin)","外掛型技能","","","","","待逐筆查證",""
"company-deep-dive","公司深掘","Nimble 網路研究 (nimble)","外掛型技能","","","","","待逐筆查證",""
"competitor-intel","競品情報","Nimble 網路研究 (nimble)","外掛型技能","","","","","待逐筆查證",""
"competitor-positioning","競品定位","Nimble 網路研究 (nimble)","外掛型技能","","","","","待逐筆查證",""
"healthcare-providers-enrich","醫療提供者補全","Nimble 網路研究 (nimble)","外掛型技能","","","","","待逐筆查證",""
"healthcare-providers-extract","醫療提供者萃取","Nimble 網路研究 (nimble)","外掛型技能","","","","","待逐筆查證",""
"healthcare-providers-verify","醫療提供者驗證","Nimble 網路研究 (nimble)","外掛型技能","","","","","待逐筆查證",""
"local-places","在地商家","Nimble 網路研究 (nimble)","外掛型技能","","","","","待逐筆查證",""
"market-finder","市場盤點","Nimble 網路研究 (nimble)","外掛型技能","","","","","待逐筆查證",""
"meeting-prep","會議準備","Nimble 網路研究 (nimble)","外掛型技能","","","","","待逐筆查證",""
"nimble-agent-builder","代理建置器","Nimble 網路研究 (nimble)","外掛型技能","","","","","待逐筆查證",""
"nimble-web-expert","網路專家","Nimble 網路研究 (nimble)","外掛型技能","","","","","待逐筆查證",""
"search","網路搜尋","Nimble 網路研究 (nimble)","外掛型技能","","","","","待逐筆查證",""
"seo-intel","SEO 情報","Nimble 網路研究 (nimble)","外掛型技能","","","","","待逐筆查證",""
"talent-sourcing","人才招募","Nimble 網路研究 (nimble)","外掛型技能","","","","","待逐筆查證",""
"box","Box 整合","Box 內容雲 (box)","外掛型技能","","","","","待逐筆查證",""
"box-legal-workflows","Box 法務概念","Box 內容雲 (box)","外掛型技能","","","","","待逐筆查證",""
"box-legal-workflows-contract","合約審查監控","Box 內容雲 (box)","外掛型技能","","","","","待逐筆查證",""
"box-legal-workflows-intake","客戶 intake","Box 內容雲 (box)","外掛型技能","","","","","待逐筆查證",""
"box-legal-workflows-ma","M&A 資料室","Box 內容雲 (box)","外掛型技能","","","","","待逐筆查證",""
"create-my-tools-profile","工具設定檔","Zapier 自動化整合 (zapier)","外掛型技能","","","","","待逐筆查證",""
"zapier-setup","Zapier 設定","Zapier 自動化整合 (zapier)","外掛型技能","","","","","待逐筆查證",""
"zapier-status","Zapier 狀態","Zapier 自動化整合 (zapier)","外掛型技能","","","","","待逐筆查證",""
"Canva","Canva 線上設計","🔗 連結器 · 設計與創意","連結器","","","","","待逐筆查證",""
"Figma","Figma 設計協作","🔗 連結器 · 設計與創意","連結器","","","","","待逐筆查證",""
"Adobe Creative Cloud","Adobe 創意雲","🔗 連結器 · 設計與創意","連結器","","","","","待逐筆查證",""
"BioRender","BioRender 科學繪圖","🔗 連結器 · 設計與創意","連結器","","","","","待逐筆查證",""
"Cloudinary","Cloudinary 媒體雲","🔗 連結器 · 設計與創意","連結器","","","","","待逐筆查證",""
"Google Drive","Google 雲端硬碟","🔗 連結器 · 文件與儲存","連結器","","","","","待逐筆查證",""
"Box","Box 內容雲","🔗 連結器 · 文件與儲存","連結器","","","","","待逐筆查證",""
"Egnyte","Egnyte 內容平台","🔗 連結器 · 文件與儲存","連結器","","","","","待逐筆查證",""
"Notion","Notion 筆記與資料庫","🔗 連結器 · 生產力與筆記","連結器","","","","","待逐筆查證",""
"Linear","Linear 議題追蹤","🔗 連結器 · 生產力與筆記","連結器","","","","","待逐筆查證",""
"ClickUp","ClickUp 任務與專案管理","🔗 連結器 · 生產力與筆記","連結器","","","","","待逐筆查證",""
"Monday.com","monday.com 工作管理平台","🔗 連結器 · 生產力與筆記","連結器","","","","","待逐筆查證",""
"Fireflies","Fireflies 會議記錄","🔗 連結器 · 生產力與筆記","連結器","","","","","待逐筆查證",""
"Granola","Granola 會議筆記","🔗 連結器 · 生產力與筆記","連結器","","","","","待逐筆查證",""
"Slack","Slack 團隊溝通","🔗 連結器 · 溝通與會議","連結器","","","","","待逐筆查證",""
"Zoom","Zoom 視訊會議","🔗 連結器 · 溝通與會議","連結器","","","","","待逐筆查證",""
"Gong","Gong 對話情報","🔗 連結器 · 溝通與會議","連結器","","","","","待逐筆查證",""
"Google Calendar","Google 日曆","🔗 連結器 · 溝通與會議","連結器","","","","","待逐筆查證",""
"HubSpot","HubSpot 客戶關係管理","🔗 連結器 · 銷售・CRM","連結器","","","","","待逐筆查證",""
"Apollo","Apollo 銷售開發","🔗 連結器 · 銷售・CRM","連結器","","","","","待逐筆查證",""
"Common Room","Common Room 社群情報","🔗 連結器 · 銷售・CRM","連結器","","","","","待逐筆查證",""
"ZoomInfo","ZoomInfo 銷售情報","🔗 連結器 · 銷售・CRM","連結器","","","","","待逐筆查證",""
"Close","Close CRM 銷售管理","🔗 連結器 · 銷售・CRM","連結器","","","","","待逐筆查證",""
"Outreach","Outreach 銷售外展","🔗 連結器 · 銷售・CRM","連結器","","","","","待逐筆查證",""
"Klaviyo","Klaviyo 電子郵件與簡訊行銷","🔗 連結器 · 行銷・廣告","連結器","","","","","待逐筆查證",""
"Ahrefs","Ahrefs 搜尋引擎優化分析","🔗 連結器 · 行銷・廣告","連結器","","","","","待逐筆查證",""
"Supermetrics","Supermetrics 行銷數據整合","🔗 連結器 · 行銷・廣告","連結器","","","","","待逐筆查證",""
"Postiz","Postiz 社群排程","🔗 連結器 · 行銷・廣告","連結器","","","","","待逐筆查證",""
"Adspirer","Adspirer 廣告","🔗 連結器 · 行銷・廣告","連結器","","","","","待逐筆查證",""
"Supabase","Supabase 雲端資料庫","🔗 連結器 · 資料與資料庫","連結器","","","","","待逐筆查證",""
"Databricks","Databricks 湖倉數據平台","🔗 連結器 · 資料與資料庫","連結器","","","","","待逐筆查證",""
"Hex","Hex 協作式數據分析","🔗 連結器 · 資料與資料庫","連結器","","","","","待逐筆查證",""
"PlanetScale","PlanetScale 雲端 MySQL 資料庫","🔗 連結器 · 資料與資料庫","連結器","","","","","待逐筆查證",""
"Prisma","Prisma ORM 資料庫工具","🔗 連結器 · 資料與資料庫","連結器","","","","","待逐筆查證",""
"Atlan","Atlan 資料目錄","🔗 連結器 · 資料與資料庫","連結器","","","","","待逐筆查證",""
"CockroachDB Cloud","CockroachDB Cloud 分散式雲端資料庫","🔗 連結器 · 資料與資料庫","連結器","","","","","待逐筆查證",""
"Airtable","Airtable 雲端資料庫","🔗 連結器 · 資料與資料庫","連結器","","","","","待逐筆查證",""
"Amplitude","Amplitude 產品行為分析","🔗 連結器 · 產品分析","連結器","","","","","待逐筆查證",""
"Pendo","Pendo 產品體驗分析","🔗 連結器 · 產品分析","連結器","","","","","待逐筆查證",""
"Carta","Carta 股權與基金管理","🔗 連結器 · 金融與投資","連結器","","","","","待逐筆查證",""
"Daloopa","Daloopa 財務數據平台","🔗 連結器 · 金融與投資","連結器","","","","","待逐筆查證",""
"Bigdata.com","Bigdata.com 投資研究資料","🔗 連結器 · 金融與投資","連結器","","","","","待逐筆查證",""
"LSEG","LSEG 市場資料","🔗 連結器 · 金融與投資","連結器","","","","","待逐筆查證",""
"S&P Global","S&P Global 市場與財務情報","🔗 連結器 · 金融與投資","連結器","","","","","待逐筆查證",""
"PubMed","PubMed 生醫文獻資料庫","🔗 連結器 · 生技研究","連結器","","","","","待逐筆查證",""
"bioRxiv / medRxiv","bioRxiv／medRxiv 生醫預印本","🔗 連結器 · 生技研究","連結器","","","","","待逐筆查證",""
"ChEMBL","ChEMBL 藥物與生物活性資料庫","🔗 連結器 · 生技研究","連結器","","","","","待逐筆查證",""
"ClinicalTrials.gov","ClinicalTrials.gov 臨床試驗資料庫","🔗 連結器 · 生技研究","連結器","","","","","待逐筆查證",""
"Consensus","Consensus 科學文獻問答","🔗 連結器 · 生技研究","連結器","","","","","待逐筆查證",""
"Benchling","Benchling 生命科學研發平台","🔗 連結器 · 生技研究","連結器","","","","","待逐筆查證",""
"Synapse","Synapse 生醫協作資料平台","🔗 連結器 · 生技研究","連結器","","","","","待逐筆查證",""
"Wiley","Wiley 學術出版資料","🔗 連結器 · 生技研究","連結器","","","","","待逐筆查證",""
"Open Targets","Open Targets 藥物標靶資料","🔗 連結器 · 生技研究","連結器","","","","","待逐筆查證",""
"Owkin","Owkin 生醫人工智慧研究","🔗 連結器 · 生技研究","連結器","","","","","待逐筆查證",""
"Twilio","Twilio 通訊開發","🔗 連結器 · 開發與基礎建設","連結器","","","","","待逐筆查證",""
"Datadog","Datadog 系統監控","🔗 連結器 · 開發與基礎建設","連結器","","","","","待逐筆查證",""
"Sanity","Sanity CMS 內容管理","🔗 連結器 · 開發與基礎建設","連結器","","","","","待逐筆查證",""
"PayPal","PayPal 線上支付","🔗 連結器 · 電商與金流","連結器","","","","","待逐筆查證",""
"Stripe","Stripe 金流與訂閱","🔗 連結器 · 電商與金流","連結器","","","","","待逐筆查證",""
"Square","Square 銷售與收款","🔗 連結器 · 電商與金流","連結器","","","","","待逐筆查證",""
"QuickBooks","QuickBooks 會計管理","🔗 連結器 · 電商與金流","連結器","","","","","待逐筆查證",""
"Intercom","Intercom 客戶溝通與客服","🔗 連結器 · 客服與支援","連結器","","","","","待逐筆查證",""
"Guru","Guru 團隊知識庫","🔗 連結器 · 客服與支援","連結器","","","","","待逐筆查證",""
"DocuSign","DocuSign 電子簽署","🔗 連結器 · 法務與合規","連結器","","","","","待逐筆查證",""
"Atlassian","Atlassian 專案與知識管理（Jira／Confluence）","🔗 連結器 · 法務與合規","連結器","","","","","待逐筆查證",""
"Vanta","Vanta 資安合規管理","🔗 連結器 · 法務與合規","連結器","","","","","待逐筆查證",""
"Claude in Chrome","Claude in Chrome 瀏覽器","🔗 連結器 · 系統與內建","連結器","","","","","待逐筆查證",""
"Desktop Commander","Desktop Commander 桌面指揮","🔗 連結器 · 系統與內建","連結器","","","","","待逐筆查證",""
"computer-use","電腦控制","🔗 連結器 · 系統與內建","連結器","","","","","待逐筆查證",""
"scheduled-tasks","排程任務","🔗 連結器 · 系統與內建","連結器","","","","","待逐筆查證",""
"mcp-registry","MCP 註冊庫","🔗 連結器 · 系統與內建","連結器","","","","","待逐筆查證",""
"Cowork Artifacts","Cowork 即時 Artifact","🔗 連結器 · 系統與內建","連結器","","","","","待逐筆查證",""
